{"g8h6":[0.01956802805119559,0.5,2.0,4],"g8f6":[0.0578699366270154,0.8333333333333334,10.0,12],"b8c6":[0.05843387922681056,0.8333333333333334,10.0,12],"b8a6":[0.08466801527684124,0.8888888888888888,16.0,18],"h7h6":[0.07352086352791347,0.875,14.0,16],"g7g6":[0.048968055867557016,0.6,3.0,5],"f7f6":[0.04298295269186559,0.6,3.0,5],"e7e6":[0.04099164991354555,0.6,3.0,5],"d7d6":[0.030128493808260583,0.6666666666666666,4.0,6],"c7c6":[0.03503459578899736,0.75,6.0,8],"b7b6":[0.050035538486650336,0.8333333333333334,10.0,12],"a7a6":[0.05022182207524186,0.8333333333333334,10.0,12],"h7h5":[0.03731504599593081,0.75,6.0,8],"g7g5":[0.048163793889564106,0.6,3.0,5],"f7f5":[0.035253200933102614,0.6666666666666666,4.0,6],"e7e5":[0.08754247948009332,0.9130434782608695,21.0,23],"d7d5":[0.035839988841580406,0.75,6.0,8],"c7c5":[0.05914106862655225,0.8571428571428571,12.0,14],"b7b5":[0.04793582041033777,0.7142857142857143,5.0,7],"a7a5":[0.05638475975230383,0.8461538461538461,11.0,13]}